stage,approx_distance_km,current_fare_lkr,new_fare_lkr,effective_from,service_type,source
1,1,27,30,2026-03-24,normal,Normal Sinhala 350.pdf
2,2,35,39,2026-03-24,normal,Normal Sinhala 350.pdf
3,3,45,50,2026-03-24,normal,Normal Sinhala 350.pdf
4,4,55,62,2026-03-24,normal,Normal Sinhala 350.pdf
5,5,66,74,2026-03-24,normal,Normal Sinhala 350.pdf
6,6,76,85,2026-03-24,normal,Normal Sinhala 350.pdf
7,7,86,97,2026-03-24,normal,Normal Sinhala 350.pdf
8,8,90,101,2026-03-24,normal,Normal Sinhala 350.pdf
9,9,97,109,2026-03-24,normal,Normal Sinhala 350.pdf
10,10,104,116,2026-03-24,normal,Normal Sinhala 350.pdf
11,11,111,124,2026-03-24,normal,Normal Sinhala 350.pdf
12,12,116,130,2026-03-24,normal,Normal Sinhala 350.pdf
13,13,123,138,2026-03-24,normal,Normal Sinhala 350.pdf
14,14,130,146,2026-03-24,normal,Normal Sinhala 350.pdf
15,15,135,151,2026-03-24,normal,Normal Sinhala 350.pdf
16,16,140,157,2026-03-24,normal,Normal Sinhala 350.pdf
17,17,147,165,2026-03-24,normal,Normal Sinhala 350.pdf
18,18,152,171,2026-03-24,normal,Normal Sinhala 350.pdf
19,19,159,179,2026-03-24,normal,Normal Sinhala 350.pdf
20,20,164,184,2026-03-24,normal,Normal Sinhala 350.pdf
21,21,171,192,2026-03-24,normal,Normal Sinhala 350.pdf
22,22,176,198,2026-03-24,normal,Normal Sinhala 350.pdf
23,23,183,206,2026-03-24,normal,Normal Sinhala 350.pdf
24,24,189,212,2026-03-24,normal,Normal Sinhala 350.pdf
25,25,195,219,2026-03-24,normal,Normal Sinhala 350.pdf
26,26,201,225,2026-03-24,normal,Normal Sinhala 350.pdf
27,27,208,233,2026-03-24,normal,Normal Sinhala 350.pdf
28,28,213,239,2026-03-24,normal,Normal Sinhala 350.pdf
29,29,220,246,2026-03-24,normal,Normal Sinhala 350.pdf
30,30,227,254,2026-03-24,normal,Normal Sinhala 350.pdf
31,31,232,260,2026-03-24,normal,Normal Sinhala 350.pdf
32,32,239,268,2026-03-24,normal,Normal Sinhala 350.pdf
33,33,244,274,2026-03-24,normal,Normal Sinhala 350.pdf
34,34,251,281,2026-03-24,normal,Normal Sinhala 350.pdf
35,35,256,287,2026-03-24,normal,Normal Sinhala 350.pdf
36,36,263,295,2026-03-24,normal,Normal Sinhala 350.pdf
37,37,268,301,2026-03-24,normal,Normal Sinhala 350.pdf
38,38,275,309,2026-03-24,normal,Normal Sinhala 350.pdf
39,39,280,314,2026-03-24,normal,Normal Sinhala 350.pdf
40,40,287,322,2026-03-24,normal,Normal Sinhala 350.pdf
41,41,292,328,2026-03-24,normal,Normal Sinhala 350.pdf
42,42,299,336,2026-03-24,normal,Normal Sinhala 350.pdf
43,43,304,342,2026-03-24,normal,Normal Sinhala 350.pdf
44,44,311,349,2026-03-24,normal,Normal Sinhala 350.pdf
45,45,317,355,2026-03-24,normal,Normal Sinhala 350.pdf
46,46,323,363,2026-03-24,normal,Normal Sinhala 350.pdf
47,47,329,369,2026-03-24,normal,Normal Sinhala 350.pdf
48,48,336,376,2026-03-24,normal,Normal Sinhala 350.pdf
49,49,341,382,2026-03-24,normal,Normal Sinhala 350.pdf
50,50,348,390,2026-03-24,normal,Normal Sinhala 350.pdf
51,51,353,396,2026-03-24,normal,Normal Sinhala 350.pdf
52,52,360,404,2026-03-24,normal,Normal Sinhala 350.pdf
53,53,365,409,2026-03-24,normal,Normal Sinhala 350.pdf
54,54,372,417,2026-03-24,normal,Normal Sinhala 350.pdf
55,55,379,425,2026-03-24,normal,Normal Sinhala 350.pdf
56,56,384,431,2026-03-24,normal,Normal Sinhala 350.pdf
57,57,391,439,2026-03-24,normal,Normal Sinhala 350.pdf
58,58,396,444,2026-03-24,normal,Normal Sinhala 350.pdf
59,59,403,452,2026-03-24,normal,Normal Sinhala 350.pdf
60,60,408,458,2026-03-24,normal,Normal Sinhala 350.pdf
61,61,413,464,2026-03-24,normal,Normal Sinhala 350.pdf
62,62,419,470,2026-03-24,normal,Normal Sinhala 350.pdf
63,63,425,477,2026-03-24,normal,Normal Sinhala 350.pdf
64,64,431,483,2026-03-24,normal,Normal Sinhala 350.pdf
65,65,438,491,2026-03-24,normal,Normal Sinhala 350.pdf
66,66,443,497,2026-03-24,normal,Normal Sinhala 350.pdf
67,67,450,505,2026-03-24,normal,Normal Sinhala 350.pdf
68,68,455,510,2026-03-24,normal,Normal Sinhala 350.pdf
69,69,462,518,2026-03-24,normal,Normal Sinhala 350.pdf
70,70,467,524,2026-03-24,normal,Normal Sinhala 350.pdf
71,71,474,532,2026-03-24,normal,Normal Sinhala 350.pdf
72,72,479,538,2026-03-24,normal,Normal Sinhala 350.pdf
73,73,486,545,2026-03-24,normal,Normal Sinhala 350.pdf
74,74,491,551,2026-03-24,normal,Normal Sinhala 350.pdf
75,75,496,557,2026-03-24,normal,Normal Sinhala 350.pdf
76,76,503,565,2026-03-24,normal,Normal Sinhala 350.pdf
77,77,509,570,2026-03-24,normal,Normal Sinhala 350.pdf
78,78,515,578,2026-03-24,normal,Normal Sinhala 350.pdf
79,79,521,584,2026-03-24,normal,Normal Sinhala 350.pdf
80,80,528,592,2026-03-24,normal,Normal Sinhala 350.pdf
81,81,533,598,2026-03-24,normal,Normal Sinhala 350.pdf
82,82,540,605,2026-03-24,normal,Normal Sinhala 350.pdf
83,83,545,611,2026-03-24,normal,Normal Sinhala 350.pdf
84,84,552,619,2026-03-24,normal,Normal Sinhala 350.pdf
85,85,557,625,2026-03-24,normal,Normal Sinhala 350.pdf
86,86,564,633,2026-03-24,normal,Normal Sinhala 350.pdf
87,87,569,638,2026-03-24,normal,Normal Sinhala 350.pdf
88,88,576,646,2026-03-24,normal,Normal Sinhala 350.pdf
89,89,581,652,2026-03-24,normal,Normal Sinhala 350.pdf
90,90,588,660,2026-03-24,normal,Normal Sinhala 350.pdf
91,91,593,666,2026-03-24,normal,Normal Sinhala 350.pdf
92,92,600,673,2026-03-24,normal,Normal Sinhala 350.pdf
93,93,605,679,2026-03-24,normal,Normal Sinhala 350.pdf
94,94,612,687,2026-03-24,normal,Normal Sinhala 350.pdf
95,95,617,693,2026-03-24,normal,Normal Sinhala 350.pdf
96,96,624,701,2026-03-24,normal,Normal Sinhala 350.pdf
97,97,630,706,2026-03-24,normal,Normal Sinhala 350.pdf
98,98,635,712,2026-03-24,normal,Normal Sinhala 350.pdf
99,99,642,720,2026-03-24,normal,Normal Sinhala 350.pdf
100,100,647,726,2026-03-24,normal,Normal Sinhala 350.pdf
101,101,654,733,2026-03-24,normal,Normal Sinhala 350.pdf
102,102,659,739,2026-03-24,normal,Normal Sinhala 350.pdf
103,103,666,747,2026-03-24,normal,Normal Sinhala 350.pdf
104,104,671,753,2026-03-24,normal,Normal Sinhala 350.pdf
105,105,678,761,2026-03-24,normal,Normal Sinhala 350.pdf
106,106,683,766,2026-03-24,normal,Normal Sinhala 350.pdf
107,107,690,774,2026-03-24,normal,Normal Sinhala 350.pdf
108,108,695,780,2026-03-24,normal,Normal Sinhala 350.pdf
109,109,702,788,2026-03-24,normal,Normal Sinhala 350.pdf
110,110,707,794,2026-03-24,normal,Normal Sinhala 350.pdf
111,111,714,801,2026-03-24,normal,Normal Sinhala 350.pdf
112,112,720,807,2026-03-24,normal,Normal Sinhala 350.pdf
113,113,726,815,2026-03-24,normal,Normal Sinhala 350.pdf
114,114,732,821,2026-03-24,normal,Normal Sinhala 350.pdf
115,115,739,829,2026-03-24,normal,Normal Sinhala 350.pdf
116,116,744,834,2026-03-24,normal,Normal Sinhala 350.pdf
117,117,751,842,2026-03-24,normal,Normal Sinhala 350.pdf
118,118,756,848,2026-03-24,normal,Normal Sinhala 350.pdf
119,119,761,854,2026-03-24,normal,Normal Sinhala 350.pdf
120,120,768,862,2026-03-24,normal,Normal Sinhala 350.pdf
121,121,773,867,2026-03-24,normal,Normal Sinhala 350.pdf
122,122,780,875,2026-03-24,normal,Normal Sinhala 350.pdf
123,123,785,881,2026-03-24,normal,Normal Sinhala 350.pdf
124,124,792,889,2026-03-24,normal,Normal Sinhala 350.pdf
125,125,797,895,2026-03-24,normal,Normal Sinhala 350.pdf
126,126,804,902,2026-03-24,normal,Normal Sinhala 350.pdf
127,127,809,908,2026-03-24,normal,Normal Sinhala 350.pdf
128,128,816,916,2026-03-24,normal,Normal Sinhala 350.pdf
129,129,822,922,2026-03-24,normal,Normal Sinhala 350.pdf
130,130,828,929,2026-03-24,normal,Normal Sinhala 350.pdf
131,131,834,935,2026-03-24,normal,Normal Sinhala 350.pdf
132,132,841,943,2026-03-24,normal,Normal Sinhala 350.pdf
133,133,846,949,2026-03-24,normal,Normal Sinhala 350.pdf
134,134,853,957,2026-03-24,normal,Normal Sinhala 350.pdf
135,135,858,962,2026-03-24,normal,Normal Sinhala 350.pdf
136,136,865,970,2026-03-24,normal,Normal Sinhala 350.pdf
137,137,870,976,2026-03-24,normal,Normal Sinhala 350.pdf
138,138,877,984,2026-03-24,normal,Normal Sinhala 350.pdf
139,139,882,990,2026-03-24,normal,Normal Sinhala 350.pdf
140,140,887,995,2026-03-24,normal,Normal Sinhala 350.pdf
141,141,894,1003,2026-03-24,normal,Normal Sinhala 350.pdf
142,142,899,1009,2026-03-24,normal,Normal Sinhala 350.pdf
143,143,906,1017,2026-03-24,normal,Normal Sinhala 350.pdf
144,144,912,1023,2026-03-24,normal,Normal Sinhala 350.pdf
145,145,918,1030,2026-03-24,normal,Normal Sinhala 350.pdf
146,146,924,1036,2026-03-24,normal,Normal Sinhala 350.pdf
147,147,931,1044,2026-03-24,normal,Normal Sinhala 350.pdf
148,148,936,1050,2026-03-24,normal,Normal Sinhala 350.pdf
149,149,943,1058,2026-03-24,normal,Normal Sinhala 350.pdf
150,150,948,1063,2026-03-24,normal,Normal Sinhala 350.pdf
151,151,955,1071,2026-03-24,normal,Normal Sinhala 350.pdf
152,152,960,1077,2026-03-24,normal,Normal Sinhala 350.pdf
153,153,967,1085,2026-03-24,normal,Normal Sinhala 350.pdf
154,154,972,1091,2026-03-24,normal,Normal Sinhala 350.pdf
155,155,979,1098,2026-03-24,normal,Normal Sinhala 350.pdf
156,156,984,1104,2026-03-24,normal,Normal Sinhala 350.pdf
157,157,991,1112,2026-03-24,normal,Normal Sinhala 350.pdf
158,158,996,1118,2026-03-24,normal,Normal Sinhala 350.pdf
159,159,1003,1125,2026-03-24,normal,Normal Sinhala 350.pdf
160,160,1008,1131,2026-03-24,normal,Normal Sinhala 350.pdf
161,161,1015,1139,2026-03-24,normal,Normal Sinhala 350.pdf
162,162,1020,1145,2026-03-24,normal,Normal Sinhala 350.pdf
163,163,1026,1151,2026-03-24,normal,Normal Sinhala 350.pdf
164,164,1033,1158,2026-03-24,normal,Normal Sinhala 350.pdf
165,165,1038,1164,2026-03-24,normal,Normal Sinhala 350.pdf
166,166,1045,1172,2026-03-24,normal,Normal Sinhala 350.pdf
167,167,1050,1178,2026-03-24,normal,Normal Sinhala 350.pdf
168,168,1057,1186,2026-03-24,normal,Normal Sinhala 350.pdf
169,169,1062,1191,2026-03-24,normal,Normal Sinhala 350.pdf
170,170,1069,1199,2026-03-24,normal,Normal Sinhala 350.pdf
171,171,1074,1205,2026-03-24,normal,Normal Sinhala 350.pdf
172,172,1081,1213,2026-03-24,normal,Normal Sinhala 350.pdf
173,173,1086,1219,2026-03-24,normal,Normal Sinhala 350.pdf
174,174,1093,1226,2026-03-24,normal,Normal Sinhala 350.pdf
175,175,1098,1232,2026-03-24,normal,Normal Sinhala 350.pdf
176,176,1105,1240,2026-03-24,normal,Normal Sinhala 350.pdf
177,177,1110,1246,2026-03-24,normal,Normal Sinhala 350.pdf
178,178,1117,1254,2026-03-24,normal,Normal Sinhala 350.pdf
179,179,1123,1259,2026-03-24,normal,Normal Sinhala 350.pdf
180,180,1129,1267,2026-03-24,normal,Normal Sinhala 350.pdf
181,181,1135,1273,2026-03-24,normal,Normal Sinhala 350.pdf
182,182,1142,1281,2026-03-24,normal,Normal Sinhala 350.pdf
183,183,1147,1287,2026-03-24,normal,Normal Sinhala 350.pdf
184,184,1152,1292,2026-03-24,normal,Normal Sinhala 350.pdf
185,185,1159,1300,2026-03-24,normal,Normal Sinhala 350.pdf
186,186,1164,1306,2026-03-24,normal,Normal Sinhala 350.pdf
187,187,1171,1314,2026-03-24,normal,Normal Sinhala 350.pdf
188,188,1176,1320,2026-03-24,normal,Normal Sinhala 350.pdf
189,189,1183,1327,2026-03-24,normal,Normal Sinhala 350.pdf
190,190,1188,1333,2026-03-24,normal,Normal Sinhala 350.pdf
191,191,1195,1341,2026-03-24,normal,Normal Sinhala 350.pdf
192,192,1200,1347,2026-03-24,normal,Normal Sinhala 350.pdf
193,193,1207,1354,2026-03-24,normal,Normal Sinhala 350.pdf
194,194,1212,1360,2026-03-24,normal,Normal Sinhala 350.pdf
195,195,1219,1368,2026-03-24,normal,Normal Sinhala 350.pdf
196,196,1225,1374,2026-03-24,normal,Normal Sinhala 350.pdf
197,197,1231,1382,2026-03-24,normal,Normal Sinhala 350.pdf
198,198,1237,1387,2026-03-24,normal,Normal Sinhala 350.pdf
199,199,1244,1395,2026-03-24,normal,Normal Sinhala 350.pdf
200,200,1249,1401,2026-03-24,normal,Normal Sinhala 350.pdf
201,201,1256,1409,2026-03-24,normal,Normal Sinhala 350.pdf
202,202,1261,1415,2026-03-24,normal,Normal Sinhala 350.pdf
203,203,1268,1422,2026-03-24,normal,Normal Sinhala 350.pdf
204,204,1273,1428,2026-03-24,normal,Normal Sinhala 350.pdf
205,205,1280,1436,2026-03-24,normal,Normal Sinhala 350.pdf
206,206,1285,1442,2026-03-24,normal,Normal Sinhala 350.pdf
207,207,1290,1448,2026-03-24,normal,Normal Sinhala 350.pdf
208,208,1297,1455,2026-03-24,normal,Normal Sinhala 350.pdf
209,209,1302,1461,2026-03-24,normal,Normal Sinhala 350.pdf
210,210,1309,1469,2026-03-24,normal,Normal Sinhala 350.pdf
211,211,1315,1475,2026-03-24,normal,Normal Sinhala 350.pdf
212,212,1321,1483,2026-03-24,normal,Normal Sinhala 350.pdf
213,213,1327,1488,2026-03-24,normal,Normal Sinhala 350.pdf
214,214,1334,1496,2026-03-24,normal,Normal Sinhala 350.pdf
215,215,1339,1502,2026-03-24,normal,Normal Sinhala 350.pdf
216,216,1346,1510,2026-03-24,normal,Normal Sinhala 350.pdf
217,217,1351,1515,2026-03-24,normal,Normal Sinhala 350.pdf
218,218,1358,1523,2026-03-24,normal,Normal Sinhala 350.pdf
219,219,1363,1529,2026-03-24,normal,Normal Sinhala 350.pdf
220,220,1370,1537,2026-03-24,normal,Normal Sinhala 350.pdf
221,221,1375,1543,2026-03-24,normal,Normal Sinhala 350.pdf
222,222,1382,1550,2026-03-24,normal,Normal Sinhala 350.pdf
223,223,1387,1556,2026-03-24,normal,Normal Sinhala 350.pdf
224,224,1394,1564,2026-03-24,normal,Normal Sinhala 350.pdf
225,225,1399,1570,2026-03-24,normal,Normal Sinhala 350.pdf
226,226,1406,1578,2026-03-24,normal,Normal Sinhala 350.pdf
227,227,1411,1583,2026-03-24,normal,Normal Sinhala 350.pdf
228,228,1417,1589,2026-03-24,normal,Normal Sinhala 350.pdf
229,229,1423,1597,2026-03-24,normal,Normal Sinhala 350.pdf
230,230,1429,1603,2026-03-24,normal,Normal Sinhala 350.pdf
231,231,1436,1611,2026-03-24,normal,Normal Sinhala 350.pdf
232,232,1441,1616,2026-03-24,normal,Normal Sinhala 350.pdf
233,233,1448,1624,2026-03-24,normal,Normal Sinhala 350.pdf
234,234,1453,1630,2026-03-24,normal,Normal Sinhala 350.pdf
235,235,1460,1638,2026-03-24,normal,Normal Sinhala 350.pdf
236,236,1465,1644,2026-03-24,normal,Normal Sinhala 350.pdf
237,237,1472,1651,2026-03-24,normal,Normal Sinhala 350.pdf
238,238,1477,1657,2026-03-24,normal,Normal Sinhala 350.pdf
239,239,1484,1665,2026-03-24,normal,Normal Sinhala 350.pdf
240,240,1489,1671,2026-03-24,normal,Normal Sinhala 350.pdf
241,241,1496,1678,2026-03-24,normal,Normal Sinhala 350.pdf
242,242,1501,1684,2026-03-24,normal,Normal Sinhala 350.pdf
243,243,1508,1692,2026-03-24,normal,Normal Sinhala 350.pdf
244,244,1513,1698,2026-03-24,normal,Normal Sinhala 350.pdf
245,245,1520,1706,2026-03-24,normal,Normal Sinhala 350.pdf
246,246,1526,1711,2026-03-24,normal,Normal Sinhala 350.pdf
247,247,1532,1719,2026-03-24,normal,Normal Sinhala 350.pdf
248,248,1538,1725,2026-03-24,normal,Normal Sinhala 350.pdf
249,249,1543,1731,2026-03-24,normal,Normal Sinhala 350.pdf
250,250,1550,1739,2026-03-24,normal,Normal Sinhala 350.pdf
251,251,1555,1744,2026-03-24,normal,Normal Sinhala 350.pdf
252,252,1562,1752,2026-03-24,normal,Normal Sinhala 350.pdf
253,253,1567,1758,2026-03-24,normal,Normal Sinhala 350.pdf
254,254,1574,1766,2026-03-24,normal,Normal Sinhala 350.pdf
255,255,1579,1772,2026-03-24,normal,Normal Sinhala 350.pdf
256,256,1586,1779,2026-03-24,normal,Normal Sinhala 350.pdf
257,257,1591,1785,2026-03-24,normal,Normal Sinhala 350.pdf
258,258,1598,1793,2026-03-24,normal,Normal Sinhala 350.pdf
259,259,1603,1799,2026-03-24,normal,Normal Sinhala 350.pdf
260,260,1610,1807,2026-03-24,normal,Normal Sinhala 350.pdf
261,261,1615,1812,2026-03-24,normal,Normal Sinhala 350.pdf
262,262,1622,1820,2026-03-24,normal,Normal Sinhala 350.pdf
263,263,1628,1826,2026-03-24,normal,Normal Sinhala 350.pdf
264,264,1634,1834,2026-03-24,normal,Normal Sinhala 350.pdf
265,265,1640,1840,2026-03-24,normal,Normal Sinhala 350.pdf
266,266,1647,1847,2026-03-24,normal,Normal Sinhala 350.pdf
267,267,1652,1853,2026-03-24,normal,Normal Sinhala 350.pdf
268,268,1659,1861,2026-03-24,normal,Normal Sinhala 350.pdf
269,269,1664,1867,2026-03-24,normal,Normal Sinhala 350.pdf
270,270,1671,1874,2026-03-24,normal,Normal Sinhala 350.pdf
271,271,1676,1880,2026-03-24,normal,Normal Sinhala 350.pdf
272,272,1681,1886,2026-03-24,normal,Normal Sinhala 350.pdf
273,273,1688,1894,2026-03-24,normal,Normal Sinhala 350.pdf
274,274,1693,1900,2026-03-24,normal,Normal Sinhala 350.pdf
275,275,1700,1907,2026-03-24,normal,Normal Sinhala 350.pdf
276,276,1705,1913,2026-03-24,normal,Normal Sinhala 350.pdf
277,277,1712,1921,2026-03-24,normal,Normal Sinhala 350.pdf
278,278,1718,1927,2026-03-24,normal,Normal Sinhala 350.pdf
279,279,1724,1935,2026-03-24,normal,Normal Sinhala 350.pdf
280,280,1730,1940,2026-03-24,normal,Normal Sinhala 350.pdf
281,281,1737,1948,2026-03-24,normal,Normal Sinhala 350.pdf
282,282,1742,1954,2026-03-24,normal,Normal Sinhala 350.pdf
283,283,1749,1962,2026-03-24,normal,Normal Sinhala 350.pdf
284,284,1754,1968,2026-03-24,normal,Normal Sinhala 350.pdf
285,285,1761,1975,2026-03-24,normal,Normal Sinhala 350.pdf
286,286,1766,1981,2026-03-24,normal,Normal Sinhala 350.pdf
287,287,1773,1989,2026-03-24,normal,Normal Sinhala 350.pdf
288,288,1778,1995,2026-03-24,normal,Normal Sinhala 350.pdf
289,289,1785,2003,2026-03-24,normal,Normal Sinhala 350.pdf
290,290,1790,2008,2026-03-24,normal,Normal Sinhala 350.pdf
291,291,1797,2016,2026-03-24,normal,Normal Sinhala 350.pdf
292,292,1802,2022,2026-03-24,normal,Normal Sinhala 350.pdf
293,293,1807,2028,2026-03-24,normal,Normal Sinhala 350.pdf
294,294,1814,2036,2026-03-24,normal,Normal Sinhala 350.pdf
295,295,1820,2041,2026-03-24,normal,Normal Sinhala 350.pdf
296,296,1826,2049,2026-03-24,normal,Normal Sinhala 350.pdf
297,297,1832,2055,2026-03-24,normal,Normal Sinhala 350.pdf
298,298,1839,2063,2026-03-24,normal,Normal Sinhala 350.pdf
299,299,1844,2069,2026-03-24,normal,Normal Sinhala 350.pdf
300,300,1851,2076,2026-03-24,normal,Normal Sinhala 350.pdf
301,301,1856,2082,2026-03-24,normal,Normal Sinhala 350.pdf
302,302,1863,2090,2026-03-24,normal,Normal Sinhala 350.pdf
303,303,1868,2096,2026-03-24,normal,Normal Sinhala 350.pdf
304,304,1875,2103,2026-03-24,normal,Normal Sinhala 350.pdf
305,305,1880,2109,2026-03-24,normal,Normal Sinhala 350.pdf
306,306,1887,2117,2026-03-24,normal,Normal Sinhala 350.pdf
307,307,1894,2125,2026-03-24,normal,Normal Sinhala 350.pdf
308,308,1901,2133,2026-03-24,normal,Normal Sinhala 350.pdf
309,309,1906,2138,2026-03-24,normal,Normal Sinhala 350.pdf
310,310,1913,2146,2026-03-24,normal,Normal Sinhala 350.pdf
311,311,1918,2152,2026-03-24,normal,Normal Sinhala 350.pdf
312,312,1925,2160,2026-03-24,normal,Normal Sinhala 350.pdf
313,313,1930,2166,2026-03-24,normal,Normal Sinhala 350.pdf
314,314,1937,2173,2026-03-24,normal,Normal Sinhala 350.pdf
315,315,1944,2181,2026-03-24,normal,Normal Sinhala 350.pdf
316,316,1949,2187,2026-03-24,normal,Normal Sinhala 350.pdf
317,317,1956,2195,2026-03-24,normal,Normal Sinhala 350.pdf
318,318,1961,2200,2026-03-24,normal,Normal Sinhala 350.pdf
319,319,1968,2208,2026-03-24,normal,Normal Sinhala 350.pdf
320,320,1973,2214,2026-03-24,normal,Normal Sinhala 350.pdf
321,321,1980,2222,2026-03-24,normal,Normal Sinhala 350.pdf
322,322,1987,2230,2026-03-24,normal,Normal Sinhala 350.pdf
323,323,1993,2235,2026-03-24,normal,Normal Sinhala 350.pdf
324,324,1999,2243,2026-03-24,normal,Normal Sinhala 350.pdf
325,325,2005,2249,2026-03-24,normal,Normal Sinhala 350.pdf
326,326,2012,2257,2026-03-24,normal,Normal Sinhala 350.pdf
327,327,2017,2263,2026-03-24,normal,Normal Sinhala 350.pdf
328,328,2024,2270,2026-03-24,normal,Normal Sinhala 350.pdf
329,329,2029,2276,2026-03-24,normal,Normal Sinhala 350.pdf
330,330,2036,2284,2026-03-24,normal,Normal Sinhala 350.pdf
331,331,2043,2292,2026-03-24,normal,Normal Sinhala 350.pdf
332,332,2048,2298,2026-03-24,normal,Normal Sinhala 350.pdf
333,333,2055,2305,2026-03-24,normal,Normal Sinhala 350.pdf
334,334,2060,2311,2026-03-24,normal,Normal Sinhala 350.pdf
335,335,2067,2319,2026-03-24,normal,Normal Sinhala 350.pdf
336,336,2072,2325,2026-03-24,normal,Normal Sinhala 350.pdf
337,337,2079,2332,2026-03-24,normal,Normal Sinhala 350.pdf
338,338,2086,2340,2026-03-24,normal,Normal Sinhala 350.pdf
339,339,2091,2346,2026-03-24,normal,Normal Sinhala 350.pdf
340,340,2098,2354,2026-03-24,normal,Normal Sinhala 350.pdf
341,341,2103,2360,2026-03-24,normal,Normal Sinhala 350.pdf
342,342,2110,2367,2026-03-24,normal,Normal Sinhala 350.pdf
343,343,2115,2373,2026-03-24,normal,Normal Sinhala 350.pdf
344,344,2122,2381,2026-03-24,normal,Normal Sinhala 350.pdf
345,345,2129,2389,2026-03-24,normal,Normal Sinhala 350.pdf
346,346,2134,2395,2026-03-24,normal,Normal Sinhala 350.pdf
347,347,2141,2402,2026-03-24,normal,Normal Sinhala 350.pdf
348,348,2146,2408,2026-03-24,normal,Normal Sinhala 350.pdf
349,349,2153,2416,2026-03-24,normal,Normal Sinhala 350.pdf
350,350,2159,2422,2026-03-24,normal,Normal Sinhala 350.pdf
