place_id,display_name,wiki_title,status,monthly_rows
lk_ampara_arugam_bay,Arugam Bay,Arugam_Bay,ok,25
lk_ampara_gal_oya_national_park,Gal Oya National Park,Gal_Oya_National_Park,ok,25
lk_ampara_kumana_national_park,Kumana National Park,Kumana_National_Park,ok,25
lk_ampara_muhudu_maha_viharaya,Muhudu Maha Viharaya,Muhudu_Maha_Viharaya,ok,25
lk_ampara_lahugala_kitulana_national_park,Lahugala Kitulana National Park,Lahugala_Kitulana_National_Park,ok,25
lk_ampara_magul_maha_viharaya,Magul Maha Viharaya,Magul_Maha_Viharaya,ok,25
lk_ampara_panama_beach,Panama Beach,"Panama,_Sri_Lanka",ok,25
lk_anuradhapura_sacred_city_of_anuradhapura,Sacred City of Anuradhapura,Anuradhapura,ok,25
lk_anuradhapura_jaya_sri_maha_bodhi,Jaya Sri Maha Bodhi,Jaya_Sri_Maha_Bodhi,ok,25
lk_anuradhapura_ruwanwelisaya,Ruwanwelisaya,Ruwanwelisaya,ok,25
lk_anuradhapura_abhayagiri_vihara,Abhayagiri Vihara,Abhayagiri_Vihara,ok,25
lk_anuradhapura_jetavanaramaya,Jetavanaramaya,Jetavanaramaya,ok,25
lk_anuradhapura_mihintale,Mihintale,Mihintale,ok,25
lk_anuradhapura_ritigala,Ritigala,Ritigala,ok,25
lk_anuradhapura_thuparamaya,Thuparamaya,Thuparamaya,ok,25
lk_anuradhapura_isurumuniya,Isurumuniya,Isurumuniya,ok,25
lk_anuradhapura_kuttam_pokuna,Kuttam Pokuna,Kuttam_Pokuna,ok,25
lk_anuradhapura_lankarama,Lankarama,Lankarama,ok,25
lk_anuradhapura_samadhi_buddha_statue,Samadhi Buddha Statue,Samadhi_Statue,ok,25
lk_anuradhapura_ranmasu_uyana,Ranmasu Uyana,Ranmasu_Uyana,ok,25
lk_anuradhapura_tissa_wewa_anuradhapura,"Tissa Wewa, Anuradhapura",Tissa_Wewa,ok,25
lk_anuradhapura_vessagiriya_monastery,Vessagiriya Monastery,Vessagiriya,ok,25
lk_badulla_nine_arch_bridge,Nine Arch Bridge,Nine_Arch_Bridge,ok,25
lk_badulla_diyaluma_falls,Diyaluma Falls,Diyaluma_Falls,ok,25
lk_badulla_dunhinda_falls,Dunhinda Falls,Dunhinda_Falls,ok,25
lk_badulla_lipton_s_seat,Lipton's Seat,Lipton's_Seat,ok,22
lk_badulla_madulsima_mini_world_s_end,Madulsima Mini World's End,Madulsima,ok,1
lk_badulla_ravana_falls,Ravana Falls,Ravana_Falls,ok,25
lk_badulla_upper_diyaluma_pools,Upper Diyaluma Pools,Diyaluma_Falls,ok,25
lk_badulla_ella_gap,Ella Gap,Ella,ok,25
lk_badulla_adisham_bungalow,Adisham Bungalow,Adisham_Hall,ok,25
lk_badulla_bogoda_wooden_bridge,Bogoda Wooden Bridge,Bogoda_Wooden_Bridge,ok,25
lk_badulla_muthiyangana_raja_maha_vihara,Muthiyangana Raja Maha Vihara,Muthiyangana_Raja_Maha_Vihara,ok,25
lk_badulla_namunukula_mountain_range,Namunukula Mountain Range,Namunukula,ok,25
lk_badulla_ravana_cave,Ravana Cave,Ravana_Cave,ok,24
lk_badulla_demodara_railway_station,Demodara Railway Station,Demodara_railway_station,ok,25
lk_batticaloa_kalkudah_beach,Kalkudah Beach,Kalkudah,ok,25
lk_batticaloa_batticaloa_fort,Batticaloa Fort,Batticaloa_Fort,ok,25
lk_batticaloa_batticaloa_lagoon,Batticaloa Lagoon,Batticaloa_Lagoon,ok,25
lk_batticaloa_batticaloa_lighthouse,Batticaloa Lighthouse,Batticaloa_Lighthouse,ok,24
lk_batticaloa_kallady_beach,Kallady Beach,Kallady,ok,25
lk_batticaloa_kallady_bridge,Kallady Bridge,Kallady_Bridge,ok,25
lk_anuradhapura_lovamahapaya,Lovamahapaya,Lovamahapaya,ok,25
lk_badulla_bambarakanda_falls,Bambarakanda Falls,Bambarakanda_Falls,ok,25
lk_batticaloa_st_mary_s_cathedral_batticaloa,"St. Mary's Cathedral, Batticaloa","St._Mary's_Cathedral,_Batticaloa",ok,25
lk_colombo_colombo_national_museum,Colombo National Museum,Colombo_National_Museum,ok,25
lk_colombo_gangaramaya_temple,Gangaramaya Temple,Gangaramaya_Temple,ok,25
lk_colombo_beira_lake,Beira Lake,Beira_Lake,ok,25
lk_colombo_galle_face_green,Galle Face Green,Galle_Face_Green,ok,25
lk_colombo_independence_memorial_hall,Independence Memorial Hall,Independence_Memorial_Hall,ok,25
lk_colombo_jami_ul_alfar_mosque,Jami Ul-Alfar Mosque,Jami_Ul-Alfar_Mosque,ok,25
lk_colombo_lotus_tower,Lotus Tower,Lotus_Tower,ok,25
lk_colombo_seema_malaka,Seema Malaka,Seema_Malaka,ok,25
lk_colombo_colombo_lighthouse,Colombo Lighthouse,Colombo_Lighthouse,ok,25
lk_colombo_national_zoological_gardens_of_sri_lanka,National Zoological Gardens of Sri Lanka,National_Zoological_Gardens_of_Sri_Lanka,ok,25
lk_colombo_old_parliament_building,Old Parliament Building,"Old_Parliament_Building,_Colombo",ok,25
lk_colombo_pettah_market,Pettah Market,"Pettah,_Sri_Lanka",ok,25
lk_colombo_sambodhi_chaithya,Sambodhi Chaithya,Sambodhi_Chaithya,ok,25
lk_colombo_wolvendaal_church,Wolvendaal Church,Wolvendaal_Church,ok,25
lk_galle_galle_fort,Galle Fort,Galle_Fort,ok,25
lk_galle_hikkaduwa_beach_and_marine_park,Hikkaduwa Beach and Marine Park,Hikkaduwa,ok,25
lk_ampara_whiskey_point,Whiskey Point,"Whisky_Point,_Pottuvil",no_data,0
lk_ampara_kudumbigala_monastery,Kudumbigala Monastery,Kudumbigala_Monastery,no_data,0
lk_anuradhapura_aukana_buddha_statue,Aukana Buddha Statue,Aukana_Buddha_statue,no_data,0
lk_anuradhapura_mirisawetiya,Mirisawetiya,Mirisawetiya,no_data,0
lk_badulla_ella_rock,Ella Rock,Ella_Rock,no_data,0
lk_badulla_little_adam_s_peak,Little Adam's Peak,Little_Adam's_Peak,no_data,0
lk_badulla_demodara_loop,Demodara Loop,Demodara_Loop,no_data,0
lk_badulla_dowa_rock_temple,Dowa Rock Temple,Dowa_Rock_Temple,no_data,0
lk_badulla_halpewatte_tea_factory,Halpewatte Tea Factory,Uva_Halpewatte_Tea_Factory,no_data,0
lk_badulla_peacock_hill,Peacock Hill,"Peacock_Hill,_Sri_Lanka",no_data,0
lk_badulla_thangamale_sanctuary,Thangamale Sanctuary,Thangamale_Sanctuary,no_data,0
lk_batticaloa_pasikuda_beach,Pasikuda Beach,Pasikuda,no_data,0
lk_batticaloa_mamangam_temple,Mamangam Temple,Mamangam_Temple,no_data,0
lk_colombo_geoffrey_bawa_s_number_11,Geoffrey Bawa's Number 11,Geoffrey_Bawa's_home_Number_11,no_data,0
lk_colombo_mount_lavinia_beach,Mount Lavinia Beach,Mount_Lavinia_Beach,no_data,0
lk_colombo_bellanwila_rajamaha_viharaya,Bellanwila Rajamaha Viharaya,Bellanwila_Raja_Maha_Viharaya,no_data,0
lk_colombo_dutch_museum,Dutch Museum,"Dutch_Museum,_Colombo",no_data,0
lk_colombo_national_art_gallery,National Art Gallery,National_Art_Gallery_(Sri_Lanka),no_data,0
lk_colombo_national_museum_of_natural_history,National Museum of Natural History,"National_Museum_of_Natural_History,_Sri_Lanka",no_data,0
lk_colombo_old_dutch_hospital,Old Dutch Hospital,"Old_Dutch_Hospital,_Colombo",no_data,0
lk_colombo_viharamahadevi_park,Viharamahadevi Park,Viharamahadevi_Park,ok,25
lk_galle_unawatuna_beach,Unawatuna Beach,Unawatuna,ok,25
lk_galle_galle_lighthouse,Galle Lighthouse,Galle_Lighthouse,ok,25
lk_galle_madu_ganga,Madu Ganga,Madu_Ganga,no_data,0
lk_galle_ahangama_beach,Ahangama Beach,Ahangama,ok,25
lk_galle_ariyapala_mask_museum,Ariyapala Mask Museum,Ariyapala_Mask_Museum,no_data,0
lk_galle_balapitiya_beach,Balapitiya Beach,Balapitiya,ok,25
lk_galle_flag_rock_bastion,Flag Rock Bastion,Flag_Rock_Bastion,no_data,0
lk_galle_groote_kerk_galle,"Groote Kerk, Galle","Dutch_Reformed_Church,_Galle",no_data,0
lk_galle_handunugoda_tea_estate,Handunugoda Tea Estate,Handunugoda_Tea_Estate,ok,10
lk_galle_japanese_peace_pagoda_rumassala,"Japanese Peace Pagoda, Rumassala","Japanese_Peace_Pagoda,_Unawatuna",no_data,0
lk_galle_jungle_beach,Jungle Beach,"Jungle_Beach,_Sri_Lanka",no_data,0
lk_galle_kanneliya_forest_reserve,Kanneliya Forest Reserve,Kanneliya-Dediyagala-Nakiyadeniya,ok,25
lk_galle_koggala_lake,Koggala Lake,Koggala_Lake,ok,25
lk_galle_kosgoda_turtle_hatchery,Kosgoda Turtle Hatchery,Kosgoda,ok,25
lk_galle_maritime_museum_galle,"Maritime Museum, Galle","National_Maritime_Museum,_Galle",no_data,0
lk_galle_martin_wickramasinghe_folk_museum,Martin Wickramasinghe Folk Museum,Martin_Wickramasinghe_Folk_Museum_Complex,no_data,0
lk_galle_national_museum_of_galle,National Museum of Galle,National_Museum_of_Galle,ok,25
lk_galle_seenigama_devalaya,Seenigama Devalaya,Seenigama_Muhudu_Viharaya,no_data,0
lk_galle_wijaya_beach,Wijaya Beach,Wijaya_Beach,no_data,0
lk_galle_all_saints_church_galle,"All Saints' Church, Galle","All_Saints'_Church,_Galle",ok,25
lk_galle_sea_turtle_hatchery_habaraduwa,"Sea Turtle Hatchery, Habaraduwa",Sea_Turtle_Conservation_Museum,no_data,0
lk_galle_stilt_fishermen_koggala,"Stilt Fishermen, Koggala",Stilt_fishing,no_data,0
lk_gampaha_henarathgoda_botanical_garden,Henarathgoda Botanical Garden,Henarathgoda_Botanical_Garden,ok,25
lk_gampaha_kelaniya_raja_maha_vihara,Kelaniya Raja Maha Vihara,Kelaniya_Raja_Maha_Vihara,no_data,0
lk_gampaha_negombo_beach,Negombo Beach,Negombo,ok,25
lk_gampaha_angurukaramulla_temple,Angurukaramulla Temple,Angurukaramulla_Temple,no_data,0
lk_gampaha_attanagalla_rajamaha_viharaya,Attanagalla Rajamaha Viharaya,Attanagalla_Raja_Maha_Vihara,no_data,0
lk_gampaha_muthurajawela_marsh,Muthurajawela Marsh,Muthurajawela,no_data,0
lk_gampaha_negombo_fish_market,Negombo Fish Market,Negombo_Fish_Market,no_data,0
lk_gampaha_negombo_lagoon,Negombo Lagoon,Negombo_Lagoon,ok,25
lk_gampaha_st_mary_s_church_negombo,"St. Mary's Church, Negombo","St._Mary's_Church,_Negombo",ok,25
lk_gampaha_st_sebastian_s_church_negombo,"St. Sebastian's Church, Negombo","St._Sebastian's_Church,_Negombo",ok,25
lk_gampaha_ave_maria_convent_negombo,"Ave Maria Convent, Negombo",Negombo,ok,25
lk_gampaha_hamilton_canal,Hamilton Canal,Hamilton_Canal_(Sri_Lanka),no_data,0
lk_gampaha_negombo_dutch_fort,Negombo Dutch Fort,Negombo_Fort,no_data,0
lk_hambantota_yala_national_park,Yala National Park,Yala_National_Park,ok,25
lk_hambantota_bundala_national_park,Bundala National Park,Bundala_National_Park,ok,25
lk_hambantota_tangalle_beach,Tangalle Beach,Tangalle,no_data,0
lk_hambantota_mulkirigala_raja_maha_vihara,Mulkirigala Raja Maha Vihara,Mulkirigala_Raja_Maha_Vihara,ok,25
lk_hambantota_ussangoda_national_park,Ussangoda National Park,Ussangoda_National_Park,ok,25
lk_hambantota_bundala_lagoons,Bundala Lagoons,Bundala_National_Park,ok,25
lk_hambantota_dry_zone_botanic_gardens_mirijjawila,"Dry Zone Botanic Gardens, Mirijjawila","Dry_Zone_Botanic_Gardens,_Hambantota",no_data,0
lk_hambantota_hummanaya_blow_hole,Hummanaya Blow Hole,Hummanaya,ok,25
lk_hambantota_kalametiya_bird_sanctuary,Kalametiya Bird Sanctuary,Kalametiya_Bird_Sanctuary,no_data,0
lk_hambantota_kirinda_beach,Kirinda Beach,Kirinda,ok,25
lk_hambantota_kirinda_temple,Kirinda Temple,Kirinda_Temple,no_data,0
lk_hambantota_rekawa_beach,Rekawa Beach,Rekawa,no_data,0
lk_hambantota_ridiyagama_safari_park,Ridiyagama Safari Park,Ridiyagama_Safari_Park,ok,25
lk_hambantota_tangalle_lagoon,Tangalle Lagoon,Tangalle,no_data,0
lk_hambantota_wewurukannala_temple,Wewurukannala Temple,Wewurukannala_Vihara,no_data,0
lk_hambantota_yatala_vehera,Yatala Vehera,Yatala_Vehera,ok,25
lk_jaffna_nallur_kandaswamy_kovil,Nallur Kandaswamy Kovil,Nallur_Kandaswamy_temple,ok,25
lk_jaffna_delft_island,Delft Island,Delft_Island,ok,25
lk_jaffna_jaffna_fort,Jaffna Fort,Jaffna_Fort,ok,25
lk_jaffna_keerimalai_naguleswaram_temple,Keerimalai Naguleswaram Temple,Naguleswaram_temple,ok,25
lk_jaffna_nagadeepa_purana_vihara,Nagadeepa Purana Vihara,Nagadeepa_Purana_Vihara,ok,25
lk_jaffna_casuarina_beach,Casuarina Beach,Casuarina_Beach,ok,25
lk_jaffna_dambakola_patuna,Dambakola Patuna,Dambakola_Patuna,ok,24
lk_jaffna_fort_hammenhiel,Fort Hammenhiel,Fort_Hammenhiel,ok,25
lk_jaffna_jaffna_public_library,Jaffna Public Library,Jaffna_Public_Library,ok,25
lk_jaffna_kadurugoda_vihara,Kadurugoda Vihara,Kandarodai,ok,25
lk_jaffna_keerimalai_springs,Keerimalai Springs,Keerimalai,ok,25
lk_jaffna_manalkadu_sand_dunes,Manalkadu Sand Dunes,Vadamarachchi_East,no_data,0
lk_jaffna_maviddapuram_kandaswamy_temple,Maviddapuram Kandaswamy Temple,Maviddapuram_Kandaswamy_Temple,ok,25
lk_jaffna_point_pedro,Point Pedro,Point_Pedro,ok,25
lk_jaffna_nilavarai_bottomless_well,Nilavarai Bottomless Well,Nilavarai,ok,25
lk_jaffna_point_pedro_lighthouse,Point Pedro Lighthouse,Point_Pedro_Lighthouse,ok,25
lk_kalutara_bentota_beach,Bentota Beach,Bentota,ok,25
lk_kalutara_bentota_river,Bentota River,Bentota_River,no_data,0
lk_kalutara_beruwala_beach,Beruwala Beach,Beruwala,ok,25
lk_kalutara_kalutara_bodhiya,Kalutara Bodhiya,Kalutara_Chaitya,ok,25
lk_kalutara_kande_viharaya,Kande Viharaya,Kande_Viharaya,ok,24
lk_kalutara_lunuganga,Lunuganga,Lunuganga,ok,25
lk_kalutara_barberyn_lighthouse,Barberyn Lighthouse,Beruwala_Lighthouse,no_data,0
lk_kalutara_brief_garden,Brief Garden,"Brief_Garden,_Sri_Lanka",no_data,0
lk_kalutara_fa_hien_caves,Fa Hien Caves,Fa_Hien_Cave,ok,25
lk_kalutara_ketchimalai_mosque,Ketchimalai Mosque,Kechimalai_Mosque,no_data,0
lk_kalutara_kosgoda_beach,Kosgoda Beach,Kosgoda,ok,25
lk_kalutara_moragalla_beach,Moragalla Beach,Moragalla,no_data,0
lk_kalutara_richmond_castle,Richmond Castle,"Richmond_Castle,_Kalutara",ok,25
lk_kandy_temple_of_the_sacred_tooth_relic,Temple of the Sacred Tooth Relic,Temple_of_the_Tooth,ok,25
lk_kandy_royal_botanic_gardens_peradeniya,"Royal Botanic Gardens, Peradeniya","Royal_Botanic_Gardens,_Peradeniya",ok,18
lk_kandy_ambuluwawa_tower,Ambuluwawa Tower,Ambuluwawa_Tower,no_data,0
lk_kandy_ceylon_tea_museum,Ceylon Tea Museum,Ceylon_Tea_Museum,ok,25
lk_kandy_degaldoruwa_raja_maha_vihara,Degaldoruwa Raja Maha Vihara,Degaldoruwa_Raja_Maha_Vihara,no_data,0
lk_kandy_embekka_devalaya,Embekka Devalaya,Embekka_Devalaya,ok,25
lk_kandy_gadaladeniya_temple,Gadaladeniya Temple,Gadaladeniya_Temple,no_data,0
lk_kandy_hantana_mountain_range,Hantana Mountain Range,Hanthana_Mountain_Range,ok,25
lk_kandy_kandy_lake,Kandy Lake,Kandy_Lake,ok,25
lk_kandy_lankatilaka_vihara,Lankatilaka Vihara,Lankatilaka_Vihara,ok,25
lk_kandy_national_museum_of_kandy,National Museum of Kandy,"National_Museum,_Kandy",no_data,0
lk_kandy_royal_palace_of_kandy,Royal Palace of Kandy,Royal_Palace_of_Kandy,ok,25
lk_kandy_udawattakele_forest_reserve,Udawattakele Forest Reserve,Udawattakele_Forest_Reserve,ok,25
lk_kandy_natha_devale,Natha Devale,Natha_Devale,no_data,0
lk_kandy_asgiriya_maha_vihara,Asgiriya Maha Vihara,Asgiriya_Maha_Vihara,no_data,0
lk_kandy_bahirawakanda_vihara_buddha_statue,Bahirawakanda Vihara Buddha Statue,Bahirawakanda_Vihara_Buddha_Statue,no_data,0
lk_kandy_international_buddhist_museum,International Buddhist Museum,International_Buddhist_Museum,ok,25
lk_kandy_kandy_garrison_cemetery,Kandy Garrison Cemetery,Kandy_Garrison_Cemetery,ok,21
lk_kandy_kandy_view_point,Kandy View Point,Kandy_View_Point,no_data,0
lk_kandy_ranawana_purana_rajamaha_viharaya,Ranawana Purana Rajamaha Viharaya,Ranawana_Purana_Rajamaha_Viharaya,no_data,0
lk_kandy_wales_park,Wales Park,"Wales_Park,_Kandy",ok,22
lk_kandy_ceylon_tea_museum_viewpoint,Ceylon Tea Museum Viewpoint,Ceylon_Tea_Museum,ok,25
lk_kandy_commonwealth_war_cemetery_kandy,"Commonwealth War Cemetery, Kandy",Kandy_War_Cemetery,ok,25
lk_kegalle_bathalegala_bible_rock,Bathalegala (Bible Rock),Bible_Rock_(Sri_Lanka),no_data,0
lk_kegalle_kitulgala,Kitulgala,Kitulgala,ok,25
lk_kegalle_pinnawala_elephant_orphanage,Pinnawala Elephant Orphanage,Pinnawala_Elephant_Orphanage,ok,25
lk_kegalle_alagalla_mountain_range,Alagalla Mountain Range,Alagalla_Mountain_Range,ok,25
lk_kegalle_asupini_ella,Asupini Ella,Asupini_Ella,ok,25
lk_kegalle_belilena_cave,Belilena Cave,Belilena,ok,25
lk_kegalle_pinnawala_elephant_bathing_point,Pinnawala Elephant Bathing Point,Pinnawala_Elephant_Orphanage,ok,25
lk_kegalle_pinnawala_open_zoo,Pinnawala Open Zoo,Pinnawala_Open_Zoo,ok,25
lk_kegalle_saradiel_village,Saradiel Village,Utuwankanda,no_data,0
lk_kilinochchi_elephant_pass,Elephant Pass,Elephant_Pass,no_data,0
lk_kilinochchi_iranamadu_tank,Iranamadu Tank,Iranamadu_Tank,ok,25
lk_kurunegala_arankele_monastery,Arankele Monastery,Arankele,no_data,0
lk_kurunegala_yapahuwa_rock_fortress,Yapahuwa Rock Fortress,Yapahuwa,ok,25
lk_kurunegala_athugala_rock,Athugala Rock,Athugala,no_data,0
lk_kurunegala_athugala_viharaya,Athugala Viharaya,Athugala,no_data,0
lk_kurunegala_dambadeniya_archaeological_site,Dambadeniya Archaeological Site,Dambadeniya,ok,25
lk_kurunegala_dambadeniya_kingdom,Dambadeniya Kingdom,Dambadeniya,ok,25
lk_kurunegala_haththikuchchi,Haththikuchchi,Haththikuchchi,ok,22
lk_kurunegala_panduwasnuwara,Panduwasnuwara,Panduwasnuwara,ok,25
lk_kurunegala_ridi_viharaya,Ridi Viharaya,Ridi_Viharaya,ok,25
lk_kurunegala_kurunegala_lake,Kurunegala Lake,Kurunegala,ok,25
lk_kurunegala_yapahuwa_museum,Yapahuwa Museum,Yapahuwa,ok,25
lk_mannar_shrine_of_our_lady_of_madhu,Shrine of Our Lady of Madhu,Shrine_of_Our_Lady_of_Madhu,ok,25
lk_mannar_thiruketheeswaram_temple,Thiruketheeswaram Temple,Thiruketheeswaram,ok,25
lk_mannar_adam_s_bridge_viewpoint,Adam's Bridge Viewpoint,Adam's_Bridge,ok,25
lk_mannar_mannar_fort,Mannar Fort,Mannar_Fort,ok,25
lk_mannar_mannar_island,Mannar Island,Mannar_Island,ok,25
lk_mannar_talaimannar_pier,Talaimannar Pier,Talaimannar,ok,25
lk_mannar_baobab_tree_mannar,"Baobab Tree, Mannar","Baobab_Tree,_Mannar",no_data,0
lk_mannar_doric_bungalow,Doric Bungalow,Doric_Bungalow,ok,25
lk_mannar_talaimannar_lighthouse,Talaimannar Lighthouse,Talaimannar,ok,25
lk_matale_sigiriya_rock_fortress,Sigiriya Rock Fortress,Sigiriya,ok,25
lk_matale_dambulla_cave_temple,Dambulla Cave Temple,Dambulla_cave_temple,ok,25
lk_matale_knuckles_mountain_range,Knuckles Mountain Range,Knuckles_Mountain_Range,ok,25
lk_matale_pidurangala_rock,Pidurangala Rock,Pidurangala,no_data,0
lk_matale_aluvihare_rock_temple,Aluvihare Rock Temple,Aluvihare_Rock_Temple,ok,25
lk_matale_nalanda_gedige,Nalanda Gedige,Nalanda_Gedige,ok,25
lk_matale_pitawala_pathana,Pitawala Pathana,Pitawala_Pathana,ok,25
lk_matale_riverston,Riverston,Riverston,no_data,0
lk_matale_sigiriya_museum,Sigiriya Museum,Sigiriya,ok,25
lk_matale_wasgamuwa_national_park,Wasgamuwa National Park,Wasgamuwa_National_Park,no_data,0
lk_matale_boulder_gardens_of_sigiriya,Boulder Gardens of Sigiriya,Sigiriya,ok,25
lk_matale_cobra_hood_cave,Cobra Hood Cave,Sigiriya,ok,25
lk_matale_golden_temple_of_dambulla,Golden Temple of Dambulla,Dambulla_cave_temple,ok,25
lk_matale_ibbankatuwa_megalithic_tombs,Ibbankatuwa Megalithic Tombs,Ibbankatuwa_Megalithic_Tombs,ok,25
lk_matale_kaludiya_pokuna,Kaludiya Pokuna,Kaludiya_Pokuna,no_data,0
lk_matale_popham_s_arboretum,Popham's Arboretum,Popham's_Arboretum,no_data,0
lk_matale_rose_quartz_mountain,Rose Quartz Mountain,Jathika_Namala_Uyana,no_data,0
lk_matale_sembuwatta_lake,Sembuwatta Lake,Sembuwatta_Lake,ok,25
lk_matale_sera_ella_falls,Sera Ella Falls,Sera_Ella,ok,25
lk_matale_sri_muthumariamman_temple_matale,"Sri Muthumariamman Temple, Matale",Sri_Muthumariamman_Thevasthanam,no_data,0
lk_matale_erawula_pottery_village,Erawula Pottery Village,Matale,ok,25
lk_matale_kandalama_reservoir_viewpoint,Kandalama Reservoir Viewpoint,Kandalama,ok,25
lk_matara_mirissa_beach,Mirissa Beach,Mirissa,ok,25
lk_matara_hiriketiya_beach,Hiriketiya Beach,Hiriketiya,no_data,0
lk_matara_talalla_beach,Talalla Beach,Talalla,no_data,0
lk_matara_weligama_bay,Weligama Bay,Weligama,ok,25
lk_matara_coconut_tree_hill,Coconut Tree Hill,Mirissa,ok,25
lk_matara_devinuwara_temple,Devinuwara Temple,"Dondra,_Sri_Lanka",no_data,0
lk_matara_dikwella_beach,Dikwella Beach,Dickwella,ok,25
lk_matara_dondra_head_lighthouse,Dondra Head Lighthouse,Dondra_Head_Lighthouse,ok,25
lk_matara_madiha_beach,Madiha Beach,Madiha,ok,25
lk_matara_matara_star_fort,Matara Star Fort,"Star_fort,_Matara",ok,25
lk_matara_paravi_duwa_temple,Paravi Duwa Temple,Paravi_Duwa_Temple,no_data,0
lk_matara_polhena_beach,Polhena Beach,Polhena,no_data,0
lk_matara_secret_beach_mirissa,"Secret Beach, Mirissa",Mirissa,ok,25
lk_matara_weherahena_temple,Weherahena Temple,Weherahena_Temple,no_data,0
lk_matara_kushtarajagala_statue,Kushtarajagala Statue,Kushtarajagala,no_data,0
lk_monaragala_kataragama_sacred_city,Kataragama Sacred City,Kataragama_temple,ok,25
lk_monaragala_maligawila_buddha_statue,Maligawila Buddha Statue,Maligawila,no_data,0
lk_monaragala_buduruwagala_temple,Buduruwagala Temple,Buduruwagala,ok,24
lk_monaragala_duwili_ella,Duwili Ella,Duwili_Ella,no_data,0
lk_monaragala_nil_diya_pokuna,Nil Diya Pokuna,Nil_Diya_Pokuna,no_data,0
lk_monaragala_dematamal_viharaya,Dematamal Viharaya,Dematamal_Viharaya,no_data,0
lk_monaragala_maligawila_archaeological_museum,Maligawila Archaeological Museum,Maligawila,no_data,0
lk_monaragala_yudaganawa_raja_maha_vihara,Yudaganawa Raja Maha Vihara,Yudaganawa,ok,25
lk_mullaitivu_kokkilai_sanctuary,Kokkilai Sanctuary,Kokkilai_Sanctuary,ok,25
lk_mullaitivu_mullaitivu_beach,Mullaitivu Beach,Mullaitivu,ok,25
lk_nuwara_eliya_horton_plains_national_park,Horton Plains National Park,Horton_Plains_National_Park,ok,25
lk_nuwara_eliya_world_s_end,World's End,"World's_End,_Sri_Lanka",ok,25
lk_nuwara_eliya_aberdeen_falls,Aberdeen Falls,Aberdeen_Falls,ok,25
lk_nuwara_eliya_baker_s_falls,Baker's Falls,Baker's_Falls,ok,25
lk_nuwara_eliya_bomburu_ella,Bomburu Ella,Bomburu_Ella,ok,25
lk_nuwara_eliya_hakgala_botanical_garden,Hakgala Botanical Garden,Hakgala_Botanical_Garden,ok,25
lk_nuwara_eliya_pidurutalagala,Pidurutalagala,Pidurutalagala,ok,25
lk_nuwara_eliya_ramboda_falls,Ramboda Falls,Ramboda_Falls,ok,25
lk_nuwara_eliya_seetha_amman_temple,Seetha Amman Temple,Seetha_Amman_Temple,ok,25
lk_nuwara_eliya_st_clair_s_falls,St Clair's Falls,St._Clair's_Falls,ok,25
lk_nuwara_eliya_ambewela_farm,Ambewela Farm,Ambewela_Farm,ok,24
lk_nuwara_eliya_blue_field_tea_gardens,Blue Field Tea Gardens,Bluefield_Tea_Gardens,no_data,0
lk_nuwara_eliya_damro_labookellie_tea_centre,Damro Labookellie Tea Centre,Labookellie_Tea_Centre,no_data,0
lk_nuwara_eliya_devon_falls,Devon Falls,Devon_Falls,ok,25
lk_nuwara_eliya_galway_s_land_national_park,Galway's Land National Park,Galway's_Land_National_Park,ok,25
lk_nuwara_eliya_gregory_lake,Gregory Lake,Gregory_Lake,ok,25
lk_nuwara_eliya_holy_trinity_church_nuwara_eliya,"Holy Trinity Church, Nuwara Eliya","Holy_Trinity_Church,_Nuwara_Eliya",ok,25
lk_nuwara_eliya_lover_s_leap_waterfall,Lover's Leap Waterfall,Lover's_Leap_Falls,no_data,0
lk_nuwara_eliya_mini_world_s_end,Mini World's End,"World's_End,_Sri_Lanka",ok,25
lk_nuwara_eliya_moon_plains,Moon Plains,Moon_Plains,no_data,0
lk_nuwara_eliya_pedro_tea_estate,Pedro Tea Estate,Pedro_Tea_Factory,no_data,0
lk_nuwara_eliya_single_tree_hill,Single Tree Hill,Single_Tree_Hill,ok,22
lk_nuwara_eliya_victoria_park_nuwara_eliya,"Victoria Park, Nuwara Eliya","Victoria_Park,_Nuwara_Eliya",ok,25
lk_nuwara_eliya_blackpool_falls,Blackpool Falls,"Blackpool,_Nuwara_Eliya",no_data,0
lk_nuwara_eliya_kande_ela_reservoir,Kande Ela Reservoir,Kande_Ela_Reservoir,no_data,0
lk_nuwara_eliya_nanu_oya_railway_station,Nanu Oya Railway Station,Nanu_Oya_railway_station,ok,25
lk_nuwara_eliya_pattipola_railway_station,Pattipola Railway Station,Pattipola_railway_station,ok,25
lk_polonnaruwa_ancient_city_of_polonnaruwa,Ancient City of Polonnaruwa,Polonnaruwa,ok,25
lk_polonnaruwa_gal_vihara,Gal Vihara,Gal_Vihara,ok,25
lk_polonnaruwa_minneriya_national_park,Minneriya National Park,Minneriya_National_Park,ok,25
lk_polonnaruwa_polonnaruwa_vatadage,Polonnaruwa Vatadage,Polonnaruwa_Vatadage,ok,25
lk_polonnaruwa_kaudulla_national_park,Kaudulla National Park,Kaudulla_National_Park,ok,25
lk_polonnaruwa_medirigiriya_vatadage,Medirigiriya Vatadage,Medirigiriya_Vatadage,ok,25
lk_polonnaruwa_lankatilaka_image_house,Lankatilaka Image House,"Lankatilaka_Temple,_Polonnaruwa",no_data,0
lk_polonnaruwa_rankoth_vehera,Rankoth Vehera,Rankoth_Vehera,ok,25
lk_polonnaruwa_royal_palace_of_king_parakramabahu,Royal Palace of King Parakramabahu,Polonnaruwa,ok,25
lk_polonnaruwa_shiva_devale_no_2,Shiva Devale No. 2,Shiva_Devale_No._2,no_data,0
lk_polonnaruwa_thuparama_image_house,Thuparama Image House,"Thuparama,_Polonnaruwa",no_data,0
lk_polonnaruwa_gal_potha,Gal Potha,Gal_Pota,no_data,0
lk_polonnaruwa_pabalu_vehera,Pabalu Vehera,Pabalu_Vehera,no_data,0
lk_polonnaruwa_parakrama_samudra,Parakrama Samudra,Parakrama_Samudra,ok,25
lk_puttalam_wilpattu_national_park,Wilpattu National Park,Wilpattu_National_Park,ok,25
lk_puttalam_kalpitiya,Kalpitiya,Kalpitiya,ok,25
lk_puttalam_munneswaram_temple,Munneswaram Temple,Munneswaram_temple,ok,25
lk_puttalam_st_anne_s_shrine_thalawila,"St. Anne's Shrine, Thalawila","St._Anne's_Shrine,_Thalawila",no_data,0
lk_puttalam_alankuda_beach,Alankuda Beach,Alankuda,ok,1
lk_puttalam_anawilundawa_bird_sanctuary,Anawilundawa Bird Sanctuary,Anawilundawa_Bird_Sanctuary,no_data,0
lk_puttalam_bar_reef_marine_sanctuary,Bar Reef Marine Sanctuary,Bar_Reef,ok,25
lk_puttalam_baththalangunduwa,Baththalangunduwa,Battalangunduwa,no_data,0
lk_puttalam_dutch_fort_of_kalpitiya,Dutch Fort of Kalpitiya,Kalpitiya_Fort,ok,25
lk_puttalam_kalpitiya_lagoon,Kalpitiya Lagoon,Kalpitiya_Lagoon,no_data,0
lk_puttalam_dutch_reformed_church_kalpitiya,"Dutch Reformed Church, Kalpitiya",Kalpitiya,ok,25
lk_puttalam_talawila_beach,Talawila Beach,Thalawila,no_data,0
lk_ratnapura_adam_s_peak_sri_pada,Adam's Peak (Sri Pada),Adam's_Peak,ok,25
lk_ratnapura_sinharaja_forest_reserve,Sinharaja Forest Reserve,Sinharaja_Forest_Reserve,ok,25
lk_ratnapura_udawalawe_national_park,Udawalawe National Park,Udawalawe_National_Park,ok,25
lk_ratnapura_belihuloya,Belihuloya,Belihuloya,ok,25
lk_ratnapura_bopath_ella_falls,Bopath Ella Falls,Bopath_Ella_Falls,ok,25
lk_ratnapura_katugas_ella,Katugas Ella,Belihuloya,ok,25
lk_ratnapura_kirindi_ella,Kirindi Ella,Kirindi_Ella,ok,1
lk_ratnapura_kudawa_entrance_sinharaja,"Kudawa Entrance, Sinharaja",Sinharaja_Forest_Reserve,ok,25
lk_ratnapura_kuragala,Kuragala,Kuragala,ok,25
lk_ratnapura_maduwanwela_walawwa,Maduwanwela Walawwa,Maduwanwela_Walawwa,ok,25
lk_ratnapura_saman_devalaya,Saman Devalaya,Saman_Devalaya,no_data,0
lk_ratnapura_sankhapala_raja_maha_viharaya,Sankhapala Raja Maha Viharaya,Sankhapala_Raja_Maha_Viharaya,no_data,0
lk_ratnapura_surathali_ella,Surathali Ella,Belihuloya,ok,25
lk_ratnapura_wavulpane_cave,Wavulpane Cave,Wavulpane_Cave,no_data,0
lk_ratnapura_ratnapura_national_museum,Ratnapura National Museum,"National_Museum,_Ratnapura",no_data,0
lk_trincomalee_koneswaram_temple,Koneswaram Temple,Koneswaram_Temple,ok,25
lk_trincomalee_nilaveli_beach,Nilaveli Beach,Nilaveli,ok,25
lk_trincomalee_pigeon_island_national_park,Pigeon Island National Park,Pigeon_Island_National_Park,ok,25
lk_trincomalee_fort_frederick,Fort Frederick,"Fort_Frederick,_Trincomalee",no_data,0
lk_trincomalee_seruwila_mangala_raja_maha_vihara,Seruwila Mangala Raja Maha Vihara,Seruwila_Mangala_Raja_Maha_Vihara,no_data,0
lk_trincomalee_swami_rock,Swami Rock,Swami_Rock,no_data,0
lk_trincomalee_uppuveli_beach,Uppuveli Beach,Uppuveli,ok,25
lk_trincomalee_kanniya_hot_springs,Kanniya Hot Springs,Kanniya_hot_springs,no_data,0
lk_trincomalee_lover_s_leap_trincomalee,"Lover's Leap, Trincomalee",Lover's_Leap_(Trincomalee),no_data,0
lk_trincomalee_marble_beach,Marble Beach,"Marble_Beach,_Sri_Lanka",no_data,0
lk_trincomalee_naval_and_maritime_museum_trincomalee,"Naval and Maritime Museum, Trincomalee",Hoods_Tower_Museum,ok,25
lk_trincomalee_pathirakali_amman_temple,Pathirakali Amman Temple,Pathirakali_Amman_Temple,ok,25
lk_trincomalee_thiriyai_girihandu_seya,Thiriyai Girihandu Seya,Girihandu_Seya,ok,25
lk_trincomalee_velgam_vehera,Velgam Vehera,Velgam_Vehera,no_data,0
lk_trincomalee_dutch_bay_beach,Dutch Bay Beach,Dutch_Bay,no_data,0
lk_trincomalee_orr_s_hill_army_museum,Orr's Hill Army Museum,Trincomalee,no_data,0
lk_trincomalee_sober_island,Sober Island,Sober_Island,no_data,0
lk_trincomalee_trincomalee_war_cemetery,Trincomalee War Cemetery,Trincomalee_War_Cemetery,no_data,0
lk_vavuniya_madukanda_vihara,Madukanda Vihara,Vavuniya,ok,25
lk_vavuniya_vavuniya_archaeological_museum,Vavuniya Archaeological Museum,Vavuniya,ok,25
