year,week_start,week_end,arrivals,source
2024,2024-01-01,2024-01-07,45303,SLTDA daily tourist arrivals January 2024
2024,2024-01-08,2024-01-14,47518,SLTDA daily tourist arrivals January 2024
2024,2024-01-15,2024-01-21,49341,SLTDA daily tourist arrivals January 2024
2024,2024-01-22,2024-01-28,47412,SLTDA daily tourist arrivals January 2024
2024,2024-01-29,2024-01-31,18679,SLTDA daily tourist arrivals January 2024
2024,2024-02-01,2024-02-07,52361,SLTDA daily tourist arrivals February 2024
2024,2024-02-08,2024-02-14,55537,SLTDA daily tourist arrivals February 2024
2024,2024-02-15,2024-02-21,52266,SLTDA daily tourist arrivals February 2024
2024,2024-02-22,2024-02-28,51278,SLTDA daily tourist arrivals February 2024
2024,2024-02-29,2024-02-29,6908,SLTDA daily tourist arrivals February 2024
2024,2024-03-01,2024-03-07,47221,SLTDA daily tourist arrivals March 2024
2024,2024-03-08,2024-03-14,43983,SLTDA daily tourist arrivals March 2024
2024,2024-03-15,2024-03-21,47972,SLTDA daily tourist arrivals March 2024
2024,2024-03-22,2024-03-28,50317,SLTDA daily tourist arrivals March 2024
2024,2024-03-29,2024-03-31,19688,SLTDA daily tourist arrivals March 2024
2024,2024-04-01,2024-04-07,39797,SLTDA daily tourist arrivals April 2024
2024,2024-04-08,2024-04-14,36471,SLTDA daily tourist arrivals April 2024
2024,2024-04-15,2024-04-21,31398,SLTDA daily tourist arrivals April 2024
2024,2024-04-22,2024-04-28,31390,SLTDA daily tourist arrivals April 2024
2024,2024-04-29,2024-04-30,9811,SLTDA daily tourist arrivals April 2024
2024,2024-05-01,2024-05-07,28526,SLTDA daily tourist arrivals May 2024
2024,2024-05-08,2024-05-14,23713,SLTDA daily tourist arrivals May 2024
2024,2024-05-15,2024-05-21,27192,SLTDA daily tourist arrivals May 2024
2024,2024-05-22,2024-05-28,23238,SLTDA daily tourist arrivals May 2024
2024,2024-05-29,2024-05-31,9459,SLTDA daily tourist arrivals May 2024
2024,2024-06-01,2024-06-07,22755,SLTDA daily tourist arrivals June 2024
2024,2024-06-08,2024-06-14,26074,SLTDA daily tourist arrivals June 2024
2024,2024-06-15,2024-06-21,28623,SLTDA daily tourist arrivals June 2024
2024,2024-06-22,2024-06-28,26669,SLTDA daily tourist arrivals June 2024
2024,2024-06-29,2024-06-30,9349,SLTDA daily tourist arrivals June 2024
2024,2024-07-01,2024-07-07,43203,SLTDA daily tourist arrivals July 2024
2024,2024-07-08,2024-07-14,42440,SLTDA daily tourist arrivals July 2024
2024,2024-07-15,2024-07-21,42649,SLTDA daily tourist arrivals July 2024
2024,2024-07-22,2024-07-28,42800,SLTDA daily tourist arrivals July 2024
2024,2024-07-29,2024-07-31,16718,SLTDA daily tourist arrivals July 2024
2024,2024-08-01,2024-08-07,46617,SLTDA daily tourist arrivals August 2024
2024,2024-08-08,2024-08-14,45016,SLTDA daily tourist arrivals August 2024
2024,2024-08-15,2024-08-21,35338,SLTDA daily tourist arrivals August 2024
2024,2024-08-22,2024-08-28,26329,SLTDA daily tourist arrivals August 2024
2024,2024-08-29,2024-08-31,11309,SLTDA daily tourist arrivals August 2024
2024,2024-09-01,2024-09-07,29239,SLTDA daily tourist arrivals September 2024
2024,2024-09-08,2024-09-14,30057,SLTDA daily tourist arrivals September 2024
2024,2024-09-15,2024-09-21,26070,SLTDA daily tourist arrivals September 2024
2024,2024-09-22,2024-09-28,28650,SLTDA daily tourist arrivals September 2024
2024,2024-09-29,2024-09-30,8124,SLTDA daily tourist arrivals September 2024
2024,2024-10-01,2024-10-07,29814,SLTDA daily tourist arrivals October 2024
2024,2024-10-08,2024-10-14,30103,SLTDA daily tourist arrivals October 2024
2024,2024-10-15,2024-10-21,30751,SLTDA daily tourist arrivals October 2024
2024,2024-10-22,2024-10-28,31076,SLTDA daily tourist arrivals October 2024
2024,2024-10-29,2024-10-31,14163,SLTDA daily tourist arrivals October 2024
2024,2024-11-01,2024-11-07,42148,SLTDA daily tourist arrivals November 2024
2024,2024-11-08,2024-11-14,42006,SLTDA daily tourist arrivals November 2024
2024,2024-11-15,2024-11-21,42376,SLTDA daily tourist arrivals November 2024
2024,2024-11-22,2024-11-28,41175,SLTDA daily tourist arrivals November 2024
2024,2024-11-29,2024-11-30,16453,SLTDA daily tourist arrivals November 2024
2024,2024-12-01,2024-12-07,41191,SLTDA daily tourist arrivals December 2024
2024,2024-12-08,2024-12-14,48126,SLTDA daily tourist arrivals December 2024
2024,2024-12-15,2024-12-21,61246,SLTDA daily tourist arrivals December 2024
2024,2024-12-22,2024-12-28,72677,SLTDA daily tourist arrivals December 2024
2024,2024-12-29,2024-12-31,25352,SLTDA daily tourist arrivals December 2024
2025,2025-01-01,2025-01-07,54851,SLTDA daily tourist arrivals January 2025
2025,2025-01-08,2025-01-14,57560,SLTDA daily tourist arrivals January 2025
2025,2025-01-15,2025-01-21,57473,SLTDA daily tourist arrivals January 2025
2025,2025-01-22,2025-01-28,59328,SLTDA daily tourist arrivals January 2025
2025,2025-01-29,2025-01-31,23549,SLTDA daily tourist arrivals January 2025
2025,2025-02-01,2025-02-07,63163,SLTDA daily tourist arrivals February 2025
2025,2025-02-08,2025-02-14,61664,SLTDA daily tourist arrivals February 2025
2025,2025-02-15,2025-02-21,59606,SLTDA daily tourist arrivals February 2025
2025,2025-02-22,2025-02-28,55784,SLTDA daily tourist arrivals February 2025
2025,2025-03-01,2025-03-07,53113,SLTDA daily tourist arrivals March 2025
2025,2025-03-08,2025-03-14,52639,SLTDA daily tourist arrivals March 2025
2025,2025-03-15,2025-03-21,51459,SLTDA daily tourist arrivals March 2025
2025,2025-03-22,2025-03-28,50401,SLTDA daily tourist arrivals March 2025
2025,2025-03-29,2025-03-31,21686,SLTDA daily tourist arrivals March 2025
2025,2025-04-01,2025-04-07,44908,SLTDA daily tourist arrivals April 2025
2025,2025-04-08,2025-04-14,44156,SLTDA daily tourist arrivals April 2025
2025,2025-04-15,2025-04-21,40085,SLTDA daily tourist arrivals April 2025
2025,2025-04-22,2025-04-28,35964,SLTDA daily tourist arrivals April 2025
2025,2025-04-29,2025-04-30,9495,SLTDA daily tourist arrivals April 2025
2025,2025-05-01,2025-05-07,33911,SLTDA daily tourist arrivals May 2025
2025,2025-05-08,2025-05-14,29417,SLTDA daily tourist arrivals May 2025
2025,2025-05-15,2025-05-21,28457,SLTDA daily tourist arrivals May 2025
2025,2025-05-22,2025-05-28,28335,SLTDA daily tourist arrivals May 2025
2025,2025-05-29,2025-05-31,12799,SLTDA daily tourist arrivals May 2025
2025,2025-06-01,2025-06-07,31547,SLTDA daily tourist arrivals June 2025
2025,2025-06-08,2025-06-14,28240,SLTDA daily tourist arrivals June 2025
2025,2025-06-15,2025-06-21,28623,SLTDA daily tourist arrivals June 2025
2025,2025-06-22,2025-06-28,39688,SLTDA daily tourist arrivals June 2025
2025,2025-06-29,2025-06-30,10143,SLTDA daily tourist arrivals June 2025
2025,2025-07-01,2025-07-07,42233,SLTDA daily tourist arrivals July 2025
2025,2025-07-08,2025-07-14,44262,SLTDA daily tourist arrivals July 2025
2025,2025-07-15,2025-07-21,46469,SLTDA daily tourist arrivals July 2025
2025,2025-07-22,2025-07-28,47683,SLTDA daily tourist arrivals July 2025
2025,2025-07-29,2025-07-31,19597,SLTDA daily tourist arrivals July 2025
2025,2025-08-01,2025-08-07,54217,SLTDA daily tourist arrivals August 2025
2025,2025-08-08,2025-08-14,53176,SLTDA daily tourist arrivals August 2025
2025,2025-08-15,2025-08-21,44442,SLTDA daily tourist arrivals August 2025
2025,2025-08-22,2025-08-28,31503,SLTDA daily tourist arrivals August 2025
2025,2025-08-29,2025-08-31,14897,SLTDA daily tourist arrivals August 2025
2025,2025-09-01,2025-09-07,37495,SLTDA daily tourist arrivals September 2025
2025,2025-09-08,2025-09-14,37863,SLTDA daily tourist arrivals September 2025
2025,2025-09-15,2025-09-21,36466,SLTDA daily tourist arrivals September 2025
2025,2025-09-22,2025-09-28,36849,SLTDA daily tourist arrivals September 2025
2025,2025-09-29,2025-09-30,10298,SLTDA daily tourist arrivals September 2025
2025,2025-10-01,2025-10-07,38474,SLTDA daily tourist arrivals October 2025
2025,2025-10-08,2025-10-14,32739,SLTDA daily tourist arrivals October 2025
2025,2025-10-15,2025-10-21,37316,SLTDA daily tourist arrivals October 2025
2025,2025-10-22,2025-10-28,39505,SLTDA daily tourist arrivals October 2025
2025,2025-10-29,2025-10-31,17159,SLTDA daily tourist arrivals October 2025
2025,2025-11-01,2025-11-07,46995,SLTDA daily tourist arrivals November 2025
2025,2025-11-08,2025-11-14,48707,SLTDA daily tourist arrivals November 2025
2025,2025-11-15,2025-11-21,52407,SLTDA daily tourist arrivals November 2025
2025,2025-11-22,2025-11-28,49658,SLTDA daily tourist arrivals November 2025
2025,2025-11-29,2025-11-30,15139,SLTDA daily tourist arrivals November 2025
2025,2025-12-01,2025-12-07,43976,SLTDA daily tourist arrivals December 2025
2025,2025-12-08,2025-12-14,49054,SLTDA daily tourist arrivals December 2025
2025,2025-12-15,2025-12-21,61579,SLTDA daily tourist arrivals December 2025
2025,2025-12-22,2025-12-28,76599,SLTDA daily tourist arrivals December 2025
2025,2025-12-29,2025-12-31,27720,SLTDA daily tourist arrivals December 2025
